timestamp, power.draw [W], power.limit [W], clocks.current.sm [MHz], clocks.current.memory [MHz], temperature.gpu, utilization.gpu [%], utilization.memory [%], memory.used [MiB], memory.total [MiB]
2026/08/30 12:50:12.940, 7.03 W, [N/A], 217 MHz, 405 MHz, 49, 0 %, 19 %, 819 MiB, 8151 MiB
2026/08/30 12:50:13.449, 7.87 W, [N/A], 217 MHz, 405 MHz, 49, 1 %, 20 %, 819 MiB, 8151 MiB
2026/08/30 12:50:13.951, 9.02 W, [N/A], 232 MHz, 405 MHz, 50, 4 %, 23 %, 819 MiB, 8151 MiB
2026/08/30 12:50:14.456, 7.60 W, [N/A], 307 MHz, 405 MHz, 49, 1 %, 23 %, 819 MiB, 8151 MiB
2026/08/30 12:50:14.966, 6.95 W, [N/A], 502 MHz, 405 MHz, 49, 1 %, 22 %, 818 MiB, 8151 MiB
2026/08/30 12:50:15.471, 9.33 W, [N/A], 270 MHz, 405 MHz, 50, 15 %, 28 %, 818 MiB, 8151 MiB
2026/08/30 12:50:15.974, 7.35 W, [N/A], 322 MHz, 405 MHz, 49, 0 %, 22 %, 818 MiB, 8151 MiB
2026/08/30 12:50:16.478, 7.19 W, [N/A], 262 MHz, 405 MHz, 49, 0 %, 25 %, 816 MiB, 8151 MiB
2026/08/30 12:50:16.981, 7.08 W, [N/A], 210 MHz, 405 MHz, 49, 0 %, 34 %, 816 MiB, 8151 MiB
2026/08/30 12:50:17.484, 6.79 W, [N/A], 217 MHz, 405 MHz, 49, 0 %, 24 %, 816 MiB, 8151 MiB
2026/08/30 12:50:17.988, 7.15 W, [N/A], 217 MHz, 405 MHz, 50, 0 %, 28 %, 816 MiB, 8151 MiB
2026/08/30 12:50:18.491, 6.91 W, [N/A], 247 MHz, 405 MHz, 50, 0 %, 29 %, 813 MiB, 8151 MiB
2026/08/30 12:50:18.994, 7.01 W, [N/A], 217 MHz, 405 MHz, 50, 0 %, 22 %, 813 MiB, 8151 MiB
2026/08/30 12:50:19.498, 7.07 W, [N/A], 217 MHz, 405 MHz, 50, 0 %, 29 %, 813 MiB, 8151 MiB
2026/08/30 12:50:20.000, 7.10 W, [N/A], 217 MHz, 405 MHz, 50, 0 %, 27 %, 813 MiB, 8151 MiB
2026/08/30 12:50:20.503, 7.16 W, [N/A], 232 MHz, 405 MHz, 50, 0 %, 22 %, 812 MiB, 8151 MiB
2026/08/30 12:50:21.006, 7.13 W, [N/A], 217 MHz, 405 MHz, 50, 1 %, 26 %, 812 MiB, 8151 MiB
2026/08/30 12:50:21.509, 7.13 W, [N/A], 232 MHz, 405 MHz, 50, 0 %, 26 %, 812 MiB, 8151 MiB
2026/08/30 12:50:22.012, 7.15 W, [N/A], 217 MHz, 405 MHz, 50, 1 %, 26 %, 812 MiB, 8151 MiB
2026/08/30 12:50:22.516, 7.13 W, [N/A], 217 MHz, 405 MHz, 50, 0 %, 26 %, 812 MiB, 8151 MiB
2026/08/30 12:50:23.018, 7.14 W, [N/A], 225 MHz, 405 MHz, 50, 1 %, 26 %, 812 MiB, 8151 MiB
2026/08/30 12:50:23.520, 7.13 W, [N/A], 232 MHz, 405 MHz, 50, 0 %, 26 %, 812 MiB, 8151 MiB
2026/08/30 12:50:24.023, 7.43 W, [N/A], 187 MHz, 405 MHz, 50, 6 %, 27 %, 812 MiB, 8151 MiB
2026/08/30 12:50:24.525, 7.48 W, [N/A], 217 MHz, 405 MHz, 50, 0 %, 25 %, 812 MiB, 8151 MiB
2026/08/30 12:50:25.029, 7.64 W, [N/A], 217 MHz, 405 MHz, 50, 0 %, 27 %, 812 MiB, 8151 MiB
2026/08/30 12:50:25.544, 7.77 W, [N/A], 225 MHz, 405 MHz, 50, 0 %, 25 %, 812 MiB, 8151 MiB
2026/08/30 12:50:26.047, 7.04 W, [N/A], 232 MHz, 405 MHz, 50, 1 %, 27 %, 812 MiB, 8151 MiB
2026/08/30 12:50:26.551, 7.36 W, [N/A], 217 MHz, 405 MHz, 50, 0 %, 26 %, 812 MiB, 8151 MiB
2026/08/30 12:50:27.054, 6.84 W, [N/A], 217 MHz, 405 MHz, 50, 0 %, 27 %, 812 MiB, 8151 MiB
2026/08/30 12:50:27.557, 6.95 W, [N/A], 217 MHz, 405 MHz, 50, 0 %, 26 %, 812 MiB, 8151 MiB
2026/08/30 12:50:28.060, 7.20 W, [N/A], 210 MHz, 405 MHz, 50, 1 %, 26 %, 812 MiB, 8151 MiB
2026/08/30 12:50:28.563, 7.24 W, [N/A], 202 MHz, 405 MHz, 50, 1 %, 26 %, 812 MiB, 8151 MiB
2026/08/30 12:50:29.067, 7.61 W, [N/A], 180 MHz, 405 MHz, 50, 5 %, 30 %, 814 MiB, 8151 MiB
2026/08/30 12:50:29.570, 7.69 W, [N/A], 210 MHz, 405 MHz, 51, 2 %, 30 %, 814 MiB, 8151 MiB
2026/08/30 12:50:30.074, 7.61 W, [N/A], 180 MHz, 405 MHz, 51, 2 %, 26 %, 814 MiB, 8151 MiB
2026/08/30 12:50:30.577, 7.28 W, [N/A], 180 MHz, 405 MHz, 50, 1 %, 27 %, 814 MiB, 8151 MiB
2026/08/30 12:50:31.081, 7.55 W, [N/A], 180 MHz, 405 MHz, 50, 6 %, 28 %, 823 MiB, 8151 MiB
2026/08/30 12:50:31.584, 7.96 W, [N/A], 510 MHz, 405 MHz, 50, 1 %, 28 %, 823 MiB, 8151 MiB
2026/08/30 12:50:32.087, 10.35 W, [N/A], 247 MHz, 405 MHz, 51, 36 %, 42 %, 823 MiB, 8151 MiB
2026/08/30 12:50:32.590, 11.64 W, [N/A], 915 MHz, 9001 MHz, 51, 4 %, 17 %, 823 MiB, 8151 MiB
2026/08/30 12:50:33.092, 10.70 W, [N/A], 487 MHz, 9001 MHz, 51, 0 %, 1 %, 823 MiB, 8151 MiB
2026/08/30 12:50:33.594, 10.50 W, [N/A], 232 MHz, 9001 MHz, 51, 1 %, 1 %, 823 MiB, 8151 MiB
2026/08/30 12:50:34.097, 9.70 W, [N/A], 210 MHz, 9001 MHz, 51, 0 %, 1 %, 823 MiB, 8151 MiB
2026/08/30 12:50:34.600, 9.66 W, [N/A], 337 MHz, 9001 MHz, 51, 0 %, 1 %, 843 MiB, 8151 MiB
2026/08/30 12:50:35.103, 10.50 W, [N/A], 1005 MHz, 9001 MHz, 51, 0 %, 2 %, 1455 MiB, 8151 MiB
2026/08/30 12:50:35.605, 11.79 W, [N/A], 1777 MHz, 9001 MHz, 51, 3 %, 3 %, 1615 MiB, 8151 MiB
2026/08/30 12:50:36.107, 12.03 W, [N/A], 1665 MHz, 9001 MHz, 51, 1 %, 2 %, 1615 MiB, 8151 MiB
2026/08/30 12:50:36.609, 12.43 W, [N/A], 1590 MHz, 9001 MHz, 52, 31 %, 9 %, 4567 MiB, 8151 MiB
2026/08/30 12:50:37.111, 13.55 W, [N/A], 1597 MHz, 9001 MHz, 51, 0 %, 2 %, 4567 MiB, 8151 MiB
2026/08/30 12:50:37.613, 12.29 W, [N/A], 1582 MHz, 9001 MHz, 51, 8 %, 3 %, 4567 MiB, 8151 MiB
2026/08/30 12:50:38.116, 12.38 W, [N/A], 1657 MHz, 9001 MHz, 51, 6 %, 2 %, 4567 MiB, 8151 MiB
2026/08/30 12:50:38.618, 12.39 W, [N/A], 1702 MHz, 9001 MHz, 51, 5 %, 2 %, 4567 MiB, 8151 MiB
2026/08/30 12:50:39.122, 11.91 W, [N/A], 1747 MHz, 9001 MHz, 52, 6 %, 2 %, 4567 MiB, 8151 MiB
2026/08/30 12:50:39.624, 12.33 W, [N/A], 1665 MHz, 9001 MHz, 52, 6 %, 2 %, 4562 MiB, 8151 MiB
2026/08/30 12:50:40.126, 12.24 W, [N/A], 2040 MHz, 9001 MHz, 52, 0 %, 1 %, 4554 MiB, 8151 MiB
2026/08/30 12:50:40.628, 10.92 W, [N/A], 1567 MHz, 9001 MHz, 52, 0 %, 1 %, 4554 MiB, 8151 MiB
2026/08/30 12:50:41.130, 9.78 W, [N/A], 1507 MHz, 9001 MHz, 52, 0 %, 1 %, 4554 MiB, 8151 MiB
2026/08/30 12:50:41.633, 9.62 W, [N/A], 262 MHz, 9001 MHz, 52, 0 %, 1 %, 4554 MiB, 8151 MiB
2026/08/30 12:50:42.136, 20.95 W, [N/A], 330 MHz, 9001 MHz, 55, 82 %, 59 %, 5316 MiB, 8151 MiB
2026/08/30 12:50:42.641, 35.70 W, [N/A], 1800 MHz, 9001 MHz, 56, 100 %, 26 %, 5316 MiB, 8151 MiB
2026/08/30 12:50:43.156, 40.76 W, [N/A], 1222 MHz, 9001 MHz, 55, 100 %, 25 %, 5318 MiB, 8151 MiB
2026/08/30 12:50:43.659, 26.52 W, [N/A], 1312 MHz, 9001 MHz, 53, 0 %, 2 %, 5613 MiB, 8151 MiB
2026/08/30 12:50:44.161, 16.79 W, [N/A], 412 MHz, 9001 MHz, 52, 3 %, 2 %, 4772 MiB, 8151 MiB
2026/08/30 12:50:44.663, 21.34 W, [N/A], 697 MHz, 9001 MHz, 54, 31 %, 14 %, 4866 MiB, 8151 MiB
2026/08/30 12:50:45.166, 20.43 W, [N/A], 900 MHz, 9001 MHz, 52, 0 %, 2 %, 4866 MiB, 8151 MiB
2026/08/30 12:50:45.668, 10.76 W, [N/A], 510 MHz, 9001 MHz, 52, 0 %, 2 %, 5770 MiB, 8151 MiB
2026/08/30 12:50:46.170, 24.80 W, [N/A], 450 MHz, 9001 MHz, 56, 100 %, 30 %, 6434 MiB, 8151 MiB
2026/08/30 12:50:46.673, 37.83 W, [N/A], 1695 MHz, 9001 MHz, 57, 100 %, 21 %, 6434 MiB, 8151 MiB
2026/08/30 12:50:47.179, 39.26 W, [N/A], 1027 MHz, 9001 MHz, 56, 89 %, 24 %, 5822 MiB, 8151 MiB
2026/08/30 12:50:47.681, 38.38 W, [N/A], 1792 MHz, 9001 MHz, 57, 81 %, 21 %, 5884 MiB, 8151 MiB
2026/08/30 12:50:48.183, 39.87 W, [N/A], 1410 MHz, 9001 MHz, 56, 71 %, 25 %, 5906 MiB, 8151 MiB
2026/08/30 12:50:48.685, 39.78 W, [N/A], 1867 MHz, 9001 MHz, 56, 63 %, 26 %, 5912 MiB, 8151 MiB
2026/08/30 12:50:49.187, 39.72 W, [N/A], 1552 MHz, 9001 MHz, 56, 49 %, 35 %, 5964 MiB, 8151 MiB
2026/08/30 12:50:49.689, 39.02 W, [N/A], 2385 MHz, 9001 MHz, 55, 78 %, 30 %, 6020 MiB, 8151 MiB
2026/08/30 12:50:50.190, 39.54 W, [N/A], 1470 MHz, 9001 MHz, 57, 69 %, 31 %, 6014 MiB, 8151 MiB
2026/08/30 12:50:50.692, 35.92 W, [N/A], 1582 MHz, 9001 MHz, 56, 26 %, 24 %, 6032 MiB, 8151 MiB
2026/08/30 12:50:51.194, 26.71 W, [N/A], 997 MHz, 9001 MHz, 54, 22 %, 12 %, 6562 MiB, 8151 MiB
2026/08/30 12:50:51.696, 15.09 W, [N/A], 1027 MHz, 9001 MHz, 53, 0 %, 2 %, 6562 MiB, 8151 MiB
2026/08/30 12:50:52.200, 10.86 W, [N/A], 382 MHz, 9001 MHz, 53, 0 %, 2 %, 6562 MiB, 8151 MiB
2026/08/30 12:50:52.702, 9.73 W, [N/A], 412 MHz, 9001 MHz, 53, 0 %, 2 %, 6562 MiB, 8151 MiB
2026/08/30 12:50:53.205, 9.66 W, [N/A], 217 MHz, 9001 MHz, 53, 0 %, 2 %, 6562 MiB, 8151 MiB
2026/08/30 12:50:53.708, 9.56 W, [N/A], 217 MHz, 9001 MHz, 53, 0 %, 2 %, 6562 MiB, 8151 MiB
2026/08/30 12:50:54.211, 9.88 W, [N/A], 255 MHz, 9001 MHz, 53, 1 %, 2 %, 6566 MiB, 8151 MiB
2026/08/30 12:50:54.713, 9.70 W, [N/A], 285 MHz, 9001 MHz, 53, 1 %, 1 %, 6565 MiB, 8151 MiB
2026/08/30 12:50:55.215, 11.65 W, [N/A], 435 MHz, 9001 MHz, 53, 0 %, 1 %, 6564 MiB, 8151 MiB
2026/08/30 12:50:55.718, 10.14 W, [N/A], 1267 MHz, 9001 MHz, 53, 0 %, 2 %, 6563 MiB, 8151 MiB
2026/08/30 12:50:56.220, 31.72 W, [N/A], 615 MHz, 9001 MHz, 56, 99 %, 90 %, 6563 MiB, 8151 MiB
2026/08/30 12:50:56.722, 39.08 W, [N/A], 1845 MHz, 9001 MHz, 56, 100 %, 57 %, 6566 MiB, 8151 MiB
2026/08/30 12:50:57.224, 40.30 W, [N/A], 577 MHz, 9001 MHz, 56, 100 %, 89 %, 6557 MiB, 8151 MiB
2026/08/30 12:50:57.726, 39.82 W, [N/A], 2002 MHz, 9001 MHz, 56, 97 %, 68 %, 6557 MiB, 8151 MiB
2026/08/30 12:50:58.228, 39.99 W, [N/A], 735 MHz, 9001 MHz, 56, 99 %, 88 %, 6557 MiB, 8151 MiB
2026/08/30 12:50:58.731, 34.71 W, [N/A], 1815 MHz, 9001 MHz, 56, 100 %, 80 %, 6557 MiB, 8151 MiB
2026/08/30 12:50:59.233, 51.16 W, [N/A], 915 MHz, 9001 MHz, 56, 99 %, 89 %, 6557 MiB, 8151 MiB
2026/08/30 12:50:59.737, 40.86 W, [N/A], 1972 MHz, 9001 MHz, 57, 99 %, 88 %, 6557 MiB, 8151 MiB
2026/08/30 12:51:00.240, 52.32 W, [N/A], 1545 MHz, 9001 MHz, 56, 99 %, 89 %, 6556 MiB, 8151 MiB
2026/08/30 12:51:00.745, 44.36 W, [N/A], 2025 MHz, 9001 MHz, 57, 100 %, 89 %, 6556 MiB, 8151 MiB
2026/08/30 12:51:01.247, 52.69 W, [N/A], 1732 MHz, 9001 MHz, 57, 99 %, 90 %, 6554 MiB, 8151 MiB
2026/08/30 12:51:01.749, 46.09 W, [N/A], 2062 MHz, 9001 MHz, 58, 99 %, 89 %, 6551 MiB, 8151 MiB
2026/08/30 12:51:02.252, 53.83 W, [N/A], 1785 MHz, 9001 MHz, 57, 99 %, 89 %, 6545 MiB, 8151 MiB
2026/08/30 12:51:02.754, 49.49 W, [N/A], 2040 MHz, 9001 MHz, 58, 97 %, 88 %, 6545 MiB, 8151 MiB
2026/08/30 12:51:03.257, 51.97 W, [N/A], 1897 MHz, 9001 MHz, 57, 100 %, 90 %, 6545 MiB, 8151 MiB
2026/08/30 12:51:03.758, 52.26 W, [N/A], 2047 MHz, 9001 MHz, 58, 100 %, 90 %, 6545 MiB, 8151 MiB
2026/08/30 12:51:04.261, 52.29 W, [N/A], 1935 MHz, 9001 MHz, 58, 99 %, 86 %, 6542 MiB, 8151 MiB
2026/08/30 12:51:04.763, 50.22 W, [N/A], 2077 MHz, 9001 MHz, 59, 99 %, 87 %, 6558 MiB, 8151 MiB
2026/08/30 12:51:05.265, 51.29 W, [N/A], 2032 MHz, 9001 MHz, 58, 99 %, 89 %, 6560 MiB, 8151 MiB
2026/08/30 12:51:05.767, 52.08 W, [N/A], 1965 MHz, 9001 MHz, 59, 99 %, 90 %, 6560 MiB, 8151 MiB
2026/08/30 12:51:06.270, 52.62 W, [N/A], 2025 MHz, 9001 MHz, 58, 99 %, 90 %, 6560 MiB, 8151 MiB
2026/08/30 12:51:06.773, 54.10 W, [N/A], 2055 MHz, 9001 MHz, 59, 99 %, 90 %, 6560 MiB, 8151 MiB
2026/08/30 12:51:07.275, 53.77 W, [N/A], 2115 MHz, 9001 MHz, 58, 99 %, 88 %, 6565 MiB, 8151 MiB
2026/08/30 12:51:07.777, 53.85 W, [N/A], 2100 MHz, 9001 MHz, 59, 97 %, 87 %, 6565 MiB, 8151 MiB
2026/08/30 12:51:08.279, 51.99 W, [N/A], 2137 MHz, 9001 MHz, 58, 99 %, 79 %, 6560 MiB, 8151 MiB
2026/08/30 12:51:08.781, 53.57 W, [N/A], 2152 MHz, 9001 MHz, 59, 99 %, 90 %, 6559 MiB, 8151 MiB
2026/08/30 12:51:09.283, 50.97 W, [N/A], 2130 MHz, 9001 MHz, 59, 96 %, 87 %, 6559 MiB, 8151 MiB
2026/08/30 12:51:09.786, 55.19 W, [N/A], 1995 MHz, 9001 MHz, 59, 99 %, 91 %, 6559 MiB, 8151 MiB
2026/08/30 12:51:10.288, 50.74 W, [N/A], 2407 MHz, 9001 MHz, 58, 99 %, 87 %, 6559 MiB, 8151 MiB
2026/08/30 12:51:10.791, 52.37 W, [N/A], 2310 MHz, 9001 MHz, 58, 99 %, 91 %, 6559 MiB, 8151 MiB
2026/08/30 12:51:11.294, 52.50 W, [N/A], 2332 MHz, 9001 MHz, 58, 99 %, 83 %, 6547 MiB, 8151 MiB
2026/08/30 12:51:11.798, 54.13 W, [N/A], 2347 MHz, 9001 MHz, 59, 99 %, 91 %, 6559 MiB, 8151 MiB
2026/08/30 12:51:12.300, 53.07 W, [N/A], 2385 MHz, 9001 MHz, 59, 99 %, 91 %, 6559 MiB, 8151 MiB
2026/08/30 12:51:12.803, 54.92 W, [N/A], 2340 MHz, 9001 MHz, 59, 96 %, 88 %, 6559 MiB, 8151 MiB
2026/08/30 12:51:13.305, 55.10 W, [N/A], 2370 MHz, 9001 MHz, 59, 99 %, 91 %, 6559 MiB, 8151 MiB
2026/08/30 12:51:13.808, 55.91 W, [N/A], 2370 MHz, 9001 MHz, 59, 99 %, 91 %, 6559 MiB, 8151 MiB
2026/08/30 12:51:14.310, 54.52 W, [N/A], 2422 MHz, 9001 MHz, 59, 96 %, 87 %, 6559 MiB, 8151 MiB
2026/08/30 12:51:14.813, 55.65 W, [N/A], 2355 MHz, 9001 MHz, 59, 99 %, 89 %, 6563 MiB, 8151 MiB
2026/08/30 12:51:15.316, 54.85 W, [N/A], 2437 MHz, 9001 MHz, 59, 99 %, 91 %, 6561 MiB, 8151 MiB
2026/08/30 12:51:15.819, 54.58 W, [N/A], 2370 MHz, 9001 MHz, 59, 99 %, 91 %, 6561 MiB, 8151 MiB
2026/08/30 12:51:16.321, 54.78 W, [N/A], 2400 MHz, 9001 MHz, 59, 99 %, 91 %, 6562 MiB, 8151 MiB
2026/08/30 12:51:16.824, 55.05 W, [N/A], 2430 MHz, 9001 MHz, 60, 99 %, 91 %, 6562 MiB, 8151 MiB
2026/08/30 12:51:17.327, 55.11 W, [N/A], 2392 MHz, 9001 MHz, 60, 99 %, 91 %, 6562 MiB, 8151 MiB
2026/08/30 12:51:17.830, 54.86 W, [N/A], 2407 MHz, 9001 MHz, 60, 95 %, 85 %, 6558 MiB, 8151 MiB
2026/08/30 12:51:18.333, 54.97 W, [N/A], 2385 MHz, 9001 MHz, 60, 99 %, 84 %, 6558 MiB, 8151 MiB
2026/08/30 12:51:18.836, 54.93 W, [N/A], 2430 MHz, 9001 MHz, 60, 99 %, 91 %, 6561 MiB, 8151 MiB
2026/08/30 12:51:19.338, 55.15 W, [N/A], 2377 MHz, 9001 MHz, 60, 99 %, 81 %, 6562 MiB, 8151 MiB
2026/08/30 12:51:19.841, 55.98 W, [N/A], 2497 MHz, 9001 MHz, 60, 99 %, 91 %, 6561 MiB, 8151 MiB
2026/08/30 12:51:20.353, 55.80 W, [N/A], 2377 MHz, 9001 MHz, 60, 99 %, 91 %, 6561 MiB, 8151 MiB
2026/08/30 12:51:20.856, 55.57 W, [N/A], 2422 MHz, 9001 MHz, 60, 99 %, 91 %, 6561 MiB, 8151 MiB
2026/08/30 12:51:21.358, 56.12 W, [N/A], 2400 MHz, 9001 MHz, 60, 99 %, 91 %, 6560 MiB, 8151 MiB
2026/08/30 12:51:21.861, 55.96 W, [N/A], 2437 MHz, 9001 MHz, 60, 99 %, 91 %, 6560 MiB, 8151 MiB
2026/08/30 12:51:22.363, 56.04 W, [N/A], 2422 MHz, 9001 MHz, 60, 99 %, 86 %, 6550 MiB, 8151 MiB
2026/08/30 12:51:22.866, 55.91 W, [N/A], 2520 MHz, 9001 MHz, 60, 99 %, 91 %, 6550 MiB, 8151 MiB
2026/08/30 12:51:23.369, 55.97 W, [N/A], 2355 MHz, 9001 MHz, 60, 99 %, 91 %, 6550 MiB, 8151 MiB
2026/08/30 12:51:23.871, 55.99 W, [N/A], 2422 MHz, 9001 MHz, 60, 99 %, 91 %, 6550 MiB, 8151 MiB
2026/08/30 12:51:24.374, 55.62 W, [N/A], 2377 MHz, 9001 MHz, 60, 96 %, 88 %, 6546 MiB, 8151 MiB
2026/08/30 12:51:24.877, 55.52 W, [N/A], 2377 MHz, 9001 MHz, 61, 99 %, 84 %, 6541 MiB, 8151 MiB
2026/08/30 12:51:25.380, 54.05 W, [N/A], 2497 MHz, 9001 MHz, 60, 99 %, 86 %, 6558 MiB, 8151 MiB
2026/08/30 12:51:25.883, 54.09 W, [N/A], 2407 MHz, 9001 MHz, 60, 99 %, 88 %, 6558 MiB, 8151 MiB
2026/08/30 12:51:26.385, 53.91 W, [N/A], 2355 MHz, 9001 MHz, 60, 99 %, 91 %, 6558 MiB, 8151 MiB
2026/08/30 12:51:26.889, 53.18 W, [N/A], 2325 MHz, 9001 MHz, 60, 99 %, 86 %, 6558 MiB, 8151 MiB
2026/08/30 12:51:27.392, 53.41 W, [N/A], 2340 MHz, 9001 MHz, 60, 99 %, 91 %, 6558 MiB, 8151 MiB
2026/08/30 12:51:27.894, 54.67 W, [N/A], 2325 MHz, 9001 MHz, 60, 98 %, 89 %, 6558 MiB, 8151 MiB
2026/08/30 12:51:28.397, 54.95 W, [N/A], 2302 MHz, 9001 MHz, 60, 99 %, 91 %, 6558 MiB, 8151 MiB
2026/08/30 12:51:28.899, 54.74 W, [N/A], 2355 MHz, 9001 MHz, 61, 99 %, 87 %, 6558 MiB, 8151 MiB
2026/08/30 12:51:29.401, 54.04 W, [N/A], 2370 MHz, 9001 MHz, 61, 99 %, 88 %, 6558 MiB, 8151 MiB
2026/08/30 12:51:29.905, 55.41 W, [N/A], 2385 MHz, 9001 MHz, 61, 99 %, 91 %, 6558 MiB, 8151 MiB
2026/08/30 12:51:30.407, 54.10 W, [N/A], 2370 MHz, 9001 MHz, 61, 99 %, 87 %, 6558 MiB, 8151 MiB
2026/08/30 12:51:30.910, 54.74 W, [N/A], 2377 MHz, 9001 MHz, 61, 99 %, 88 %, 6558 MiB, 8151 MiB
2026/08/30 12:51:31.413, 54.93 W, [N/A], 2422 MHz, 9001 MHz, 61, 99 %, 91 %, 6558 MiB, 8151 MiB
2026/08/30 12:51:31.915, 55.64 W, [N/A], 2347 MHz, 9001 MHz, 61, 99 %, 91 %, 6558 MiB, 8151 MiB
2026/08/30 12:51:32.418, 55.74 W, [N/A], 2377 MHz, 9001 MHz, 61, 99 %, 90 %, 6563 MiB, 8151 MiB
2026/08/30 12:51:32.920, 58.29 W, [N/A], 2370 MHz, 9001 MHz, 61, 97 %, 76 %, 6554 MiB, 8151 MiB
2026/08/30 12:51:33.425, 55.09 W, [N/A], 2415 MHz, 9001 MHz, 61, 99 %, 90 %, 6558 MiB, 8151 MiB
2026/08/30 12:51:33.928, 55.22 W, [N/A], 2370 MHz, 9001 MHz, 61, 99 %, 91 %, 6558 MiB, 8151 MiB
2026/08/30 12:51:34.430, 55.05 W, [N/A], 2362 MHz, 9001 MHz, 61, 99 %, 91 %, 6558 MiB, 8151 MiB
2026/08/30 12:51:34.933, 55.75 W, [N/A], 2362 MHz, 9001 MHz, 61, 99 %, 91 %, 6558 MiB, 8151 MiB
2026/08/30 12:51:35.436, 55.26 W, [N/A], 2407 MHz, 9001 MHz, 61, 99 %, 91 %, 6558 MiB, 8151 MiB
2026/08/30 12:51:35.939, 54.37 W, [N/A], 2362 MHz, 9001 MHz, 61, 99 %, 90 %, 6558 MiB, 8151 MiB
2026/08/30 12:51:36.442, 53.91 W, [N/A], 2400 MHz, 9001 MHz, 61, 99 %, 91 %, 6558 MiB, 8151 MiB
2026/08/30 12:51:36.949, 54.40 W, [N/A], 2250 MHz, 9001 MHz, 61, 99 %, 91 %, 6558 MiB, 8151 MiB
2026/08/30 12:51:37.452, 54.94 W, [N/A], 2317 MHz, 9001 MHz, 61, 99 %, 91 %, 6558 MiB, 8151 MiB
2026/08/30 12:51:37.955, 54.99 W, [N/A], 2317 MHz, 9001 MHz, 61, 98 %, 89 %, 6558 MiB, 8151 MiB
2026/08/30 12:51:38.458, 54.74 W, [N/A], 2220 MHz, 9001 MHz, 61, 99 %, 91 %, 6558 MiB, 8151 MiB
2026/08/30 12:51:38.961, 55.68 W, [N/A], 2317 MHz, 9001 MHz, 61, 99 %, 91 %, 6558 MiB, 8151 MiB
2026/08/30 12:51:39.464, 57.05 W, [N/A], 2280 MHz, 9001 MHz, 61, 95 %, 85 %, 6558 MiB, 8151 MiB
2026/08/30 12:51:39.967, 56.08 W, [N/A], 2340 MHz, 9001 MHz, 61, 99 %, 91 %, 6558 MiB, 8151 MiB
2026/08/30 12:51:40.470, 55.23 W, [N/A], 2340 MHz, 9001 MHz, 61, 99 %, 91 %, 6558 MiB, 8151 MiB
2026/08/30 12:51:40.973, 55.87 W, [N/A], 2332 MHz, 9001 MHz, 61, 99 %, 90 %, 6558 MiB, 8151 MiB
2026/08/30 12:51:41.477, 55.95 W, [N/A], 2347 MHz, 9001 MHz, 61, 99 %, 91 %, 6558 MiB, 8151 MiB
2026/08/30 12:51:41.980, 55.93 W, [N/A], 2347 MHz, 9001 MHz, 61, 99 %, 91 %, 6558 MiB, 8151 MiB
2026/08/30 12:51:42.484, 56.06 W, [N/A], 2347 MHz, 9001 MHz, 61, 99 %, 91 %, 6558 MiB, 8151 MiB
2026/08/30 12:51:42.987, 56.00 W, [N/A], 2265 MHz, 9001 MHz, 61, 99 %, 91 %, 6558 MiB, 8151 MiB
2026/08/30 12:51:43.490, 56.04 W, [N/A], 2347 MHz, 9001 MHz, 61, 99 %, 91 %, 6558 MiB, 8151 MiB
2026/08/30 12:51:43.994, 56.03 W, [N/A], 2325 MHz, 9001 MHz, 61, 99 %, 91 %, 6558 MiB, 8151 MiB
2026/08/30 12:51:44.497, 55.90 W, [N/A], 2295 MHz, 9001 MHz, 61, 98 %, 90 %, 6558 MiB, 8151 MiB
2026/08/30 12:51:45.000, 56.08 W, [N/A], 2340 MHz, 9001 MHz, 61, 99 %, 91 %, 6558 MiB, 8151 MiB
2026/08/30 12:51:45.503, 56.06 W, [N/A], 2325 MHz, 9001 MHz, 61, 99 %, 91 %, 6558 MiB, 8151 MiB
2026/08/30 12:51:46.007, 55.71 W, [N/A], 2347 MHz, 9001 MHz, 61, 99 %, 90 %, 6558 MiB, 8151 MiB
2026/08/30 12:51:46.510, 56.03 W, [N/A], 2370 MHz, 9001 MHz, 61, 99 %, 91 %, 6558 MiB, 8151 MiB
2026/08/30 12:51:47.014, 55.85 W, [N/A], 2340 MHz, 9001 MHz, 61, 99 %, 91 %, 6558 MiB, 8151 MiB
2026/08/30 12:51:47.517, 56.06 W, [N/A], 2347 MHz, 9001 MHz, 61, 99 %, 90 %, 6557 MiB, 8151 MiB
2026/08/30 12:51:48.020, 56.11 W, [N/A], 2265 MHz, 9001 MHz, 62, 99 %, 91 %, 6557 MiB, 8151 MiB
2026/08/30 12:51:48.523, 55.77 W, [N/A], 2347 MHz, 9001 MHz, 61, 99 %, 91 %, 6557 MiB, 8151 MiB
2026/08/30 12:51:49.027, 55.94 W, [N/A], 2332 MHz, 9001 MHz, 61, 99 %, 91 %, 6557 MiB, 8151 MiB
2026/08/30 12:51:49.530, 55.96 W, [N/A], 2227 MHz, 9001 MHz, 62, 99 %, 89 %, 6557 MiB, 8151 MiB
2026/08/30 12:51:50.033, 56.09 W, [N/A], 2272 MHz, 9001 MHz, 61, 99 %, 89 %, 6557 MiB, 8151 MiB
2026/08/30 12:51:50.536, 56.21 W, [N/A], 2250 MHz, 9001 MHz, 62, 99 %, 90 %, 6557 MiB, 8151 MiB
2026/08/30 12:51:51.039, 55.84 W, [N/A], 2265 MHz, 9001 MHz, 62, 93 %, 78 %, 6557 MiB, 8151 MiB
2026/08/30 12:51:51.551, 56.12 W, [N/A], 2287 MHz, 9001 MHz, 62, 99 %, 89 %, 6557 MiB, 8151 MiB
2026/08/30 12:51:52.054, 56.22 W, [N/A], 2265 MHz, 9001 MHz, 61, 99 %, 90 %, 6557 MiB, 8151 MiB
2026/08/30 12:51:52.557, 56.14 W, [N/A], 2272 MHz, 9001 MHz, 62, 99 %, 90 %, 6557 MiB, 8151 MiB
2026/08/30 12:51:53.061, 56.11 W, [N/A], 2122 MHz, 9001 MHz, 62, 99 %, 89 %, 6557 MiB, 8151 MiB
2026/08/30 12:51:53.563, 56.05 W, [N/A], 2272 MHz, 9001 MHz, 62, 99 %, 90 %, 6557 MiB, 8151 MiB
2026/08/30 12:51:54.067, 56.13 W, [N/A], 2242 MHz, 9001 MHz, 62, 99 %, 90 %, 6557 MiB, 8151 MiB
2026/08/30 12:51:54.571, 55.90 W, [N/A], 2272 MHz, 9001 MHz, 62, 94 %, 78 %, 6557 MiB, 8151 MiB
2026/08/30 12:51:55.074, 56.69 W, [N/A], 2272 MHz, 9001 MHz, 62, 99 %, 90 %, 6557 MiB, 8151 MiB
2026/08/30 12:51:55.577, 56.17 W, [N/A], 2265 MHz, 9001 MHz, 62, 99 %, 90 %, 6557 MiB, 8151 MiB
2026/08/30 12:51:56.080, 56.21 W, [N/A], 2265 MHz, 9001 MHz, 62, 93 %, 78 %, 6557 MiB, 8151 MiB
2026/08/30 12:51:56.584, 56.22 W, [N/A], 2212 MHz, 9001 MHz, 62, 99 %, 90 %, 6557 MiB, 8151 MiB
2026/08/30 12:51:57.087, 55.92 W, [N/A], 2272 MHz, 9001 MHz, 62, 99 %, 90 %, 6557 MiB, 8151 MiB
2026/08/30 12:51:57.590, 56.08 W, [N/A], 2257 MHz, 9001 MHz, 62, 99 %, 90 %, 6557 MiB, 8151 MiB
2026/08/30 12:51:58.093, 56.00 W, [N/A], 2182 MHz, 9001 MHz, 62, 99 %, 90 %, 6557 MiB, 8151 MiB
2026/08/30 12:51:58.597, 56.12 W, [N/A], 2272 MHz, 9001 MHz, 62, 99 %, 90 %, 6557 MiB, 8151 MiB
2026/08/30 12:51:59.101, 56.11 W, [N/A], 2242 MHz, 9001 MHz, 62, 99 %, 90 %, 6557 MiB, 8151 MiB
2026/08/30 12:51:59.605, 54.15 W, [N/A], 2272 MHz, 9001 MHz, 61, 94 %, 77 %, 6557 MiB, 8151 MiB
2026/08/30 12:52:00.108, 56.81 W, [N/A], 2317 MHz, 9001 MHz, 62, 99 %, 89 %, 6557 MiB, 8151 MiB
2026/08/30 12:52:00.611, 55.49 W, [N/A], 2257 MHz, 9001 MHz, 62, 99 %, 90 %, 6557 MiB, 8151 MiB
2026/08/30 12:52:01.114, 56.29 W, [N/A], 2257 MHz, 9001 MHz, 62, 99 %, 90 %, 6557 MiB, 8151 MiB
2026/08/30 12:52:01.617, 55.77 W, [N/A], 2145 MHz, 9001 MHz, 62, 99 %, 90 %, 6557 MiB, 8151 MiB
2026/08/30 12:52:02.121, 55.85 W, [N/A], 2272 MHz, 9001 MHz, 62, 99 %, 89 %, 6557 MiB, 8151 MiB
2026/08/30 12:52:02.624, 55.96 W, [N/A], 2242 MHz, 9001 MHz, 62, 99 %, 90 %, 6562 MiB, 8151 MiB
2026/08/30 12:52:03.127, 54.94 W, [N/A], 2272 MHz, 9001 MHz, 64, 91 %, 62 %, 6557 MiB, 8151 MiB
2026/08/30 12:52:03.631, 55.02 W, [N/A], 2047 MHz, 9001 MHz, 62, 99 %, 80 %, 6557 MiB, 8151 MiB
2026/08/30 12:52:04.134, 54.64 W, [N/A], 2032 MHz, 9001 MHz, 62, 99 %, 87 %, 6557 MiB, 8151 MiB
2026/08/30 12:52:04.637, 52.83 W, [N/A], 1942 MHz, 9001 MHz, 62, 99 %, 86 %, 6557 MiB, 8151 MiB
2026/08/30 12:52:05.140, 50.99 W, [N/A], 1867 MHz, 9001 MHz, 62, 98 %, 85 %, 6557 MiB, 8151 MiB
2026/08/30 12:52:05.643, 52.54 W, [N/A], 1875 MHz, 9001 MHz, 62, 99 %, 86 %, 6557 MiB, 8151 MiB
2026/08/30 12:52:06.152, 51.91 W, [N/A], 1875 MHz, 9001 MHz, 61, 99 %, 85 %, 6557 MiB, 8151 MiB
2026/08/30 12:52:06.656, 48.33 W, [N/A], 1882 MHz, 9001 MHz, 61, 94 %, 81 %, 6557 MiB, 8151 MiB
2026/08/30 12:52:07.159, 53.09 W, [N/A], 1815 MHz, 9001 MHz, 61, 99 %, 81 %, 6557 MiB, 8151 MiB
2026/08/30 12:52:07.665, 49.91 W, [N/A], 1927 MHz, 9001 MHz, 61, 99 %, 85 %, 6557 MiB, 8151 MiB
2026/08/30 12:52:08.169, 52.52 W, [N/A], 1822 MHz, 9001 MHz, 61, 99 %, 86 %, 6557 MiB, 8151 MiB
2026/08/30 12:52:08.672, 48.06 W, [N/A], 1890 MHz, 9001 MHz, 61, 91 %, 61 %, 6557 MiB, 8151 MiB
2026/08/30 12:52:09.175, 50.31 W, [N/A], 1777 MHz, 9001 MHz, 61, 99 %, 85 %, 6557 MiB, 8151 MiB
2026/08/30 12:52:09.679, 48.23 W, [N/A], 1852 MHz, 9001 MHz, 61, 99 %, 85 %, 6557 MiB, 8151 MiB
2026/08/30 12:52:10.183, 49.97 W, [N/A], 1792 MHz, 9001 MHz, 61, 99 %, 86 %, 6557 MiB, 8151 MiB
2026/08/30 12:52:10.687, 50.70 W, [N/A], 1845 MHz, 9001 MHz, 60, 97 %, 67 %, 6557 MiB, 8151 MiB
2026/08/30 12:52:11.190, 52.26 W, [N/A], 1852 MHz, 9001 MHz, 61, 99 %, 85 %, 6557 MiB, 8151 MiB
2026/08/30 12:52:11.693, 52.27 W, [N/A], 1957 MHz, 9001 MHz, 61, 99 %, 85 %, 6557 MiB, 8151 MiB
2026/08/30 12:52:12.197, 53.79 W, [N/A], 1912 MHz, 9001 MHz, 62, 99 %, 86 %, 6557 MiB, 8151 MiB
2026/08/30 12:52:12.701, 54.58 W, [N/A], 1995 MHz, 9001 MHz, 62, 99 %, 86 %, 6558 MiB, 8151 MiB
2026/08/30 12:52:13.204, 54.13 W, [N/A], 1965 MHz, 9001 MHz, 62, 99 %, 86 %, 6558 MiB, 8151 MiB
2026/08/30 12:52:13.707, 53.76 W, [N/A], 2070 MHz, 9001 MHz, 62, 99 %, 86 %, 6558 MiB, 8151 MiB
2026/08/30 12:52:14.211, 54.91 W, [N/A], 1957 MHz, 9001 MHz, 62, 99 %, 86 %, 6558 MiB, 8151 MiB
2026/08/30 12:52:14.714, 54.74 W, [N/A], 1935 MHz, 9001 MHz, 62, 99 %, 80 %, 6556 MiB, 8151 MiB
2026/08/30 12:52:15.219, 55.10 W, [N/A], 2145 MHz, 9001 MHz, 62, 98 %, 75 %, 6571 MiB, 8151 MiB
2026/08/30 12:52:15.723, 55.01 W, [N/A], 2025 MHz, 9001 MHz, 62, 99 %, 86 %, 6580 MiB, 8151 MiB
2026/08/30 12:52:16.227, 54.63 W, [N/A], 2070 MHz, 9001 MHz, 62, 99 %, 85 %, 6580 MiB, 8151 MiB
2026/08/30 12:52:16.730, 53.75 W, [N/A], 1965 MHz, 9001 MHz, 62, 99 %, 84 %, 6580 MiB, 8151 MiB
2026/08/30 12:52:17.234, 54.08 W, [N/A], 2032 MHz, 9001 MHz, 62, 99 %, 86 %, 6580 MiB, 8151 MiB
2026/08/30 12:52:17.737, 54.57 W, [N/A], 1927 MHz, 9001 MHz, 62, 99 %, 85 %, 6580 MiB, 8151 MiB
2026/08/30 12:52:18.240, 51.68 W, [N/A], 2100 MHz, 9001 MHz, 62, 89 %, 53 %, 6580 MiB, 8151 MiB
2026/08/30 12:52:18.755, 54.20 W, [N/A], 1837 MHz, 9001 MHz, 62, 99 %, 85 %, 6580 MiB, 8151 MiB
2026/08/30 12:52:19.259, 52.94 W, [N/A], 1837 MHz, 9001 MHz, 62, 98 %, 68 %, 6575 MiB, 8151 MiB
2026/08/30 12:52:19.762, 53.88 W, [N/A], 1995 MHz, 9001 MHz, 62, 99 %, 83 %, 6574 MiB, 8151 MiB
2026/08/30 12:52:20.266, 53.93 W, [N/A], 1807 MHz, 9001 MHz, 62, 99 %, 80 %, 6571 MiB, 8151 MiB
2026/08/30 12:52:20.769, 53.47 W, [N/A], 1995 MHz, 9001 MHz, 64, 99 %, 63 %, 6572 MiB, 8151 MiB
2026/08/30 12:52:21.272, 55.60 W, [N/A], 1822 MHz, 9001 MHz, 62, 98 %, 72 %, 6569 MiB, 8151 MiB
2026/08/30 12:52:21.778, 50.32 W, [N/A], 1965 MHz, 9001 MHz, 62, 98 %, 73 %, 6569 MiB, 8151 MiB
2026/08/30 12:52:22.282, 45.80 W, [N/A], 1912 MHz, 9001 MHz, 61, 99 %, 79 %, 6570 MiB, 8151 MiB
2026/08/30 12:52:22.786, 57.14 W, [N/A], 1725 MHz, 9001 MHz, 62, 97 %, 81 %, 6570 MiB, 8151 MiB
2026/08/30 12:52:23.290, 50.17 W, [N/A], 1875 MHz, 9001 MHz, 62, 99 %, 85 %, 6570 MiB, 8151 MiB
2026/08/30 12:52:23.793, 51.01 W, [N/A], 1702 MHz, 9001 MHz, 62, 99 %, 85 %, 6570 MiB, 8151 MiB
2026/08/30 12:52:24.297, 51.82 W, [N/A], 1732 MHz, 9001 MHz, 62, 99 %, 86 %, 6570 MiB, 8151 MiB
2026/08/30 12:52:24.800, 49.12 W, [N/A], 1740 MHz, 9001 MHz, 62, 99 %, 83 %, 6579 MiB, 8151 MiB
2026/08/30 12:52:25.303, 47.90 W, [N/A], 1672 MHz, 9001 MHz, 62, 98 %, 75 %, 6580 MiB, 8151 MiB
2026/08/30 12:52:25.807, 51.28 W, [N/A], 1792 MHz, 9001 MHz, 62, 99 %, 86 %, 6576 MiB, 8151 MiB
2026/08/30 12:52:26.310, 53.11 W, [N/A], 1740 MHz, 9001 MHz, 62, 99 %, 85 %, 6576 MiB, 8151 MiB
2026/08/30 12:52:26.814, 53.13 W, [N/A], 1770 MHz, 9001 MHz, 62, 99 %, 87 %, 6576 MiB, 8151 MiB
2026/08/30 12:52:27.318, 53.90 W, [N/A], 1800 MHz, 9001 MHz, 64, 99 %, 84 %, 6576 MiB, 8151 MiB
2026/08/30 12:52:27.822, 54.80 W, [N/A], 1852 MHz, 9001 MHz, 62, 99 %, 86 %, 6576 MiB, 8151 MiB
2026/08/30 12:52:28.325, 54.14 W, [N/A], 1845 MHz, 9001 MHz, 62, 99 %, 87 %, 6576 MiB, 8151 MiB
2026/08/30 12:52:28.829, 52.22 W, [N/A], 1822 MHz, 9001 MHz, 62, 99 %, 87 %, 6576 MiB, 8151 MiB
2026/08/30 12:52:29.332, 55.12 W, [N/A], 1777 MHz, 9001 MHz, 61, 99 %, 82 %, 6575 MiB, 8151 MiB
2026/08/30 12:52:29.836, 49.43 W, [N/A], 1860 MHz, 9001 MHz, 62, 99 %, 86 %, 6574 MiB, 8151 MiB
2026/08/30 12:52:30.342, 50.97 W, [N/A], 1837 MHz, 9001 MHz, 63, 99 %, 87 %, 6575 MiB, 8151 MiB
2026/08/30 12:52:30.846, 53.92 W, [N/A], 1822 MHz, 9001 MHz, 63, 99 %, 87 %, 6575 MiB, 8151 MiB
2026/08/30 12:52:31.360, 54.84 W, [N/A], 1762 MHz, 9001 MHz, 62, 93 %, 45 %, 6575 MiB, 8151 MiB
2026/08/30 12:52:31.864, 53.96 W, [N/A], 1822 MHz, 9001 MHz, 62, 99 %, 86 %, 6575 MiB, 8151 MiB
2026/08/30 12:52:32.367, 55.22 W, [N/A], 1822 MHz, 9001 MHz, 62, 99 %, 87 %, 6575 MiB, 8151 MiB
2026/08/30 12:52:32.871, 55.05 W, [N/A], 1852 MHz, 9001 MHz, 62, 99 %, 87 %, 6575 MiB, 8151 MiB
2026/08/30 12:52:33.374, 55.08 W, [N/A], 1852 MHz, 9001 MHz, 62, 84 %, 39 %, 6584 MiB, 8151 MiB
2026/08/30 12:52:33.877, 54.81 W, [N/A], 1852 MHz, 9001 MHz, 63, 99 %, 86 %, 6584 MiB, 8151 MiB
2026/08/30 12:52:34.380, 56.54 W, [N/A], 1852 MHz, 9001 MHz, 62, 99 %, 82 %, 6584 MiB, 8151 MiB
2026/08/30 12:52:34.887, 54.94 W, [N/A], 1890 MHz, 9001 MHz, 63, 99 %, 86 %, 6590 MiB, 8151 MiB
2026/08/30 12:52:35.390, 54.09 W, [N/A], 1852 MHz, 9001 MHz, 62, 92 %, 69 %, 6590 MiB, 8151 MiB
2026/08/30 12:52:35.893, 54.38 W, [N/A], 1852 MHz, 9001 MHz, 64, 98 %, 64 %, 6590 MiB, 8151 MiB
2026/08/30 12:52:36.396, 54.48 W, [N/A], 1740 MHz, 9001 MHz, 63, 99 %, 64 %, 6589 MiB, 8151 MiB
2026/08/30 12:52:36.900, 54.58 W, [N/A], 1695 MHz, 9001 MHz, 63, 99 %, 65 %, 6589 MiB, 8151 MiB
2026/08/30 12:52:37.403, 54.88 W, [N/A], 1747 MHz, 9001 MHz, 63, 99 %, 66 %, 6589 MiB, 8151 MiB
2026/08/30 12:52:37.906, 55.17 W, [N/A], 1710 MHz, 9001 MHz, 63, 99 %, 67 %, 6589 MiB, 8151 MiB
2026/08/30 12:52:38.410, 52.07 W, [N/A], 1755 MHz, 9001 MHz, 63, 99 %, 67 %, 6585 MiB, 8151 MiB
2026/08/30 12:52:38.913, 54.81 W, [N/A], 1755 MHz, 9001 MHz, 62, 99 %, 64 %, 6585 MiB, 8151 MiB
2026/08/30 12:52:39.417, 53.69 W, [N/A], 1845 MHz, 9001 MHz, 63, 98 %, 59 %, 6571 MiB, 8151 MiB
2026/08/30 12:52:39.920, 55.12 W, [N/A], 1815 MHz, 9001 MHz, 63, 98 %, 66 %, 6571 MiB, 8151 MiB
2026/08/30 12:52:40.424, 53.99 W, [N/A], 1785 MHz, 9001 MHz, 63, 98 %, 63 %, 6571 MiB, 8151 MiB
2026/08/30 12:52:40.927, 55.55 W, [N/A], 1725 MHz, 9001 MHz, 64, 99 %, 68 %, 6571 MiB, 8151 MiB
2026/08/30 12:52:41.430, 54.71 W, [N/A], 1770 MHz, 9001 MHz, 63, 99 %, 66 %, 6571 MiB, 8151 MiB
2026/08/30 12:52:41.933, 55.88 W, [N/A], 1710 MHz, 9001 MHz, 63, 99 %, 37 %, 6571 MiB, 8151 MiB
2026/08/30 12:52:42.437, 55.86 W, [N/A], 1920 MHz, 9001 MHz, 64, 99 %, 64 %, 6571 MiB, 8151 MiB
2026/08/30 12:52:42.942, 55.57 W, [N/A], 1717 MHz, 9001 MHz, 63, 98 %, 67 %, 6571 MiB, 8151 MiB
2026/08/30 12:52:43.446, 55.57 W, [N/A], 1800 MHz, 9001 MHz, 63, 99 %, 66 %, 6571 MiB, 8151 MiB
2026/08/30 12:52:43.955, 55.67 W, [N/A], 1747 MHz, 9001 MHz, 63, 99 %, 68 %, 6571 MiB, 8151 MiB
2026/08/30 12:52:44.459, 55.78 W, [N/A], 1792 MHz, 9001 MHz, 63, 99 %, 67 %, 6571 MiB, 8151 MiB
2026/08/30 12:52:44.962, 58.35 W, [N/A], 1740 MHz, 9001 MHz, 63, 95 %, 27 %, 6571 MiB, 8151 MiB
2026/08/30 12:52:45.465, 56.52 W, [N/A], 1852 MHz, 9001 MHz, 64, 99 %, 65 %, 6573 MiB, 8151 MiB
2026/08/30 12:52:45.969, 56.06 W, [N/A], 1755 MHz, 9001 MHz, 63, 99 %, 67 %, 6573 MiB, 8151 MiB
2026/08/30 12:52:46.476, 54.68 W, [N/A], 1740 MHz, 9001 MHz, 63, 99 %, 65 %, 6573 MiB, 8151 MiB
2026/08/30 12:52:46.979, 55.88 W, [N/A], 1732 MHz, 9001 MHz, 63, 99 %, 67 %, 6573 MiB, 8151 MiB
2026/08/30 12:52:47.482, 55.11 W, [N/A], 1732 MHz, 9001 MHz, 63, 99 %, 67 %, 6571 MiB, 8151 MiB
2026/08/30 12:52:47.986, 55.25 W, [N/A], 1695 MHz, 9001 MHz, 65, 85 %, 41 %, 6571 MiB, 8151 MiB
2026/08/30 12:52:48.489, 54.56 W, [N/A], 1762 MHz, 9001 MHz, 63, 99 %, 64 %, 6571 MiB, 8151 MiB
2026/08/30 12:52:48.993, 54.74 W, [N/A], 1687 MHz, 9001 MHz, 64, 99 %, 65 %, 6571 MiB, 8151 MiB
2026/08/30 12:52:49.496, 55.39 W, [N/A], 1770 MHz, 9001 MHz, 63, 99 %, 66 %, 6567 MiB, 8151 MiB
2026/08/30 12:52:50.000, 55.02 W, [N/A], 1710 MHz, 9001 MHz, 63, 98 %, 66 %, 6567 MiB, 8151 MiB
2026/08/30 12:52:50.503, 54.85 W, [N/A], 1770 MHz, 9001 MHz, 63, 98 %, 67 %, 6567 MiB, 8151 MiB
2026/08/30 12:52:51.009, 53.74 W, [N/A], 1717 MHz, 9001 MHz, 65, 92 %, 61 %, 6567 MiB, 8151 MiB
2026/08/30 12:52:51.512, 55.28 W, [N/A], 1882 MHz, 9001 MHz, 64, 99 %, 64 %, 6567 MiB, 8151 MiB
2026/08/30 12:52:52.016, 55.60 W, [N/A], 1702 MHz, 9001 MHz, 63, 99 %, 64 %, 6567 MiB, 8151 MiB
2026/08/30 12:52:52.519, 55.92 W, [N/A], 1807 MHz, 9001 MHz, 63, 99 %, 65 %, 6567 MiB, 8151 MiB
2026/08/30 12:52:53.022, 54.95 W, [N/A], 1695 MHz, 9001 MHz, 63, 99 %, 65 %, 6567 MiB, 8151 MiB
2026/08/30 12:52:53.525, 56.67 W, [N/A], 1770 MHz, 9001 MHz, 64, 98 %, 65 %, 6567 MiB, 8151 MiB
2026/08/30 12:52:54.031, 53.21 W, [N/A], 1740 MHz, 9001 MHz, 63, 98 %, 65 %, 6567 MiB, 8151 MiB
2026/08/30 12:52:54.535, 55.67 W, [N/A], 1897 MHz, 9001 MHz, 63, 99 %, 64 %, 6567 MiB, 8151 MiB
2026/08/30 12:52:55.038, 53.47 W, [N/A], 1710 MHz, 9001 MHz, 63, 99 %, 64 %, 6567 MiB, 8151 MiB
2026/08/30 12:52:55.541, 55.08 W, [N/A], 1755 MHz, 9001 MHz, 63, 98 %, 64 %, 6567 MiB, 8151 MiB
2026/08/30 12:52:56.047, 52.37 W, [N/A], 1710 MHz, 9001 MHz, 63, 99 %, 64 %, 6567 MiB, 8151 MiB
2026/08/30 12:52:56.555, 56.10 W, [N/A], 1717 MHz, 9001 MHz, 63, 99 %, 67 %, 6567 MiB, 8151 MiB
2026/08/30 12:52:57.059, 54.11 W, [N/A], 1710 MHz, 9001 MHz, 63, 99 %, 66 %, 6567 MiB, 8151 MiB
2026/08/30 12:52:57.563, 54.90 W, [N/A], 1732 MHz, 9001 MHz, 64, 100 %, 34 %, 6567 MiB, 8151 MiB
2026/08/30 12:52:58.067, 54.39 W, [N/A], 1740 MHz, 9001 MHz, 63, 99 %, 64 %, 6567 MiB, 8151 MiB
2026/08/30 12:52:58.571, 55.62 W, [N/A], 1710 MHz, 9001 MHz, 63, 99 %, 68 %, 6567 MiB, 8151 MiB
2026/08/30 12:52:59.075, 54.89 W, [N/A], 1755 MHz, 9001 MHz, 63, 99 %, 65 %, 6567 MiB, 8151 MiB
2026/08/30 12:52:59.579, 56.44 W, [N/A], 1732 MHz, 9001 MHz, 63, 99 %, 68 %, 6567 MiB, 8151 MiB
2026/08/30 12:53:00.082, 55.55 W, [N/A], 1755 MHz, 9001 MHz, 63, 99 %, 67 %, 6567 MiB, 8151 MiB
2026/08/30 12:53:00.586, 56.66 W, [N/A], 1657 MHz, 9001 MHz, 64, 93 %, 28 %, 6567 MiB, 8151 MiB
2026/08/30 12:53:01.089, 53.16 W, [N/A], 1890 MHz, 9001 MHz, 64, 99 %, 42 %, 6567 MiB, 8151 MiB
2026/08/30 12:53:01.592, 54.35 W, [N/A], 1732 MHz, 9001 MHz, 64, 99 %, 44 %, 6567 MiB, 8151 MiB
2026/08/30 12:53:02.096, 55.06 W, [N/A], 1807 MHz, 9001 MHz, 63, 99 %, 44 %, 6567 MiB, 8151 MiB
2026/08/30 12:53:02.600, 54.98 W, [N/A], 1747 MHz, 9001 MHz, 64, 99 %, 45 %, 6564 MiB, 8151 MiB
2026/08/30 12:53:03.103, 54.88 W, [N/A], 1792 MHz, 9001 MHz, 63, 99 %, 44 %, 6564 MiB, 8151 MiB
2026/08/30 12:53:03.606, 54.88 W, [N/A], 1770 MHz, 9001 MHz, 64, 99 %, 46 %, 6564 MiB, 8151 MiB
2026/08/30 12:53:04.109, 54.97 W, [N/A], 1807 MHz, 9001 MHz, 63, 99 %, 46 %, 6564 MiB, 8151 MiB
2026/08/30 12:53:04.612, 55.38 W, [N/A], 1777 MHz, 9001 MHz, 64, 99 %, 47 %, 6564 MiB, 8151 MiB
2026/08/30 12:53:05.115, 55.55 W, [N/A], 1807 MHz, 9001 MHz, 63, 99 %, 47 %, 6564 MiB, 8151 MiB
2026/08/30 12:53:05.619, 56.18 W, [N/A], 1792 MHz, 9001 MHz, 63, 99 %, 48 %, 6564 MiB, 8151 MiB
2026/08/30 12:53:06.123, 54.98 W, [N/A], 1800 MHz, 9001 MHz, 63, 99 %, 47 %, 6564 MiB, 8151 MiB
2026/08/30 12:53:06.626, 57.18 W, [N/A], 1792 MHz, 9001 MHz, 64, 100 %, 25 %, 6564 MiB, 8151 MiB
2026/08/30 12:53:07.129, 53.54 W, [N/A], 1912 MHz, 9001 MHz, 63, 99 %, 43 %, 6564 MiB, 8151 MiB
2026/08/30 12:53:07.633, 55.64 W, [N/A], 1762 MHz, 9001 MHz, 64, 99 %, 44 %, 6564 MiB, 8151 MiB
2026/08/30 12:53:08.136, 54.86 W, [N/A], 1822 MHz, 9001 MHz, 63, 99 %, 44 %, 6564 MiB, 8151 MiB
2026/08/30 12:53:08.639, 55.63 W, [N/A], 1785 MHz, 9001 MHz, 64, 99 %, 45 %, 6564 MiB, 8151 MiB
2026/08/30 12:53:09.142, 55.74 W, [N/A], 1822 MHz, 9001 MHz, 63, 99 %, 45 %, 6564 MiB, 8151 MiB
2026/08/30 12:53:09.646, 55.91 W, [N/A], 1800 MHz, 9001 MHz, 64, 99 %, 46 %, 6564 MiB, 8151 MiB
2026/08/30 12:53:10.157, 55.44 W, [N/A], 1815 MHz, 9001 MHz, 63, 99 %, 46 %, 6564 MiB, 8151 MiB
2026/08/30 12:53:10.660, 56.03 W, [N/A], 1807 MHz, 9001 MHz, 64, 99 %, 47 %, 6564 MiB, 8151 MiB
2026/08/30 12:53:11.164, 55.25 W, [N/A], 1807 MHz, 9001 MHz, 63, 99 %, 47 %, 6564 MiB, 8151 MiB
2026/08/30 12:53:11.667, 56.09 W, [N/A], 1800 MHz, 9001 MHz, 63, 99 %, 48 %, 6564 MiB, 8151 MiB
2026/08/30 12:53:12.170, 54.99 W, [N/A], 1807 MHz, 9001 MHz, 63, 87 %, 43 %, 6564 MiB, 8151 MiB
2026/08/30 12:53:12.672, 55.74 W, [N/A], 1890 MHz, 9001 MHz, 64, 99 %, 36 %, 6564 MiB, 8151 MiB
2026/08/30 12:53:13.176, 56.10 W, [N/A], 1822 MHz, 9001 MHz, 63, 99 %, 43 %, 6564 MiB, 8151 MiB
2026/08/30 12:53:13.679, 56.57 W, [N/A], 1822 MHz, 9001 MHz, 64, 99 %, 45 %, 6564 MiB, 8151 MiB
2026/08/30 12:53:14.182, 56.12 W, [N/A], 1807 MHz, 9001 MHz, 63, 99 %, 44 %, 6564 MiB, 8151 MiB
2026/08/30 12:53:14.687, 56.83 W, [N/A], 1815 MHz, 9001 MHz, 63, 99 %, 45 %, 6564 MiB, 8151 MiB
2026/08/30 12:53:15.190, 56.12 W, [N/A], 1815 MHz, 9001 MHz, 63, 99 %, 45 %, 6564 MiB, 8151 MiB
2026/08/30 12:53:15.693, 56.07 W, [N/A], 1815 MHz, 9001 MHz, 63, 99 %, 47 %, 6564 MiB, 8151 MiB
2026/08/30 12:53:16.197, 55.81 W, [N/A], 1807 MHz, 9001 MHz, 63, 99 %, 47 %, 6564 MiB, 8151 MiB
2026/08/30 12:53:16.700, 56.35 W, [N/A], 1800 MHz, 9001 MHz, 63, 99 %, 48 %, 6564 MiB, 8151 MiB
2026/08/30 12:53:17.203, 56.13 W, [N/A], 1807 MHz, 9001 MHz, 64, 99 %, 48 %, 6564 MiB, 8151 MiB
2026/08/30 12:53:17.706, 56.15 W, [N/A], 1807 MHz, 9001 MHz, 64, 99 %, 48 %, 6564 MiB, 8151 MiB
2026/08/30 12:53:18.209, 56.12 W, [N/A], 1807 MHz, 9001 MHz, 64, 99 %, 25 %, 6564 MiB, 8151 MiB
2026/08/30 12:53:18.712, 55.89 W, [N/A], 1920 MHz, 9001 MHz, 64, 99 %, 43 %, 6564 MiB, 8151 MiB
2026/08/30 12:53:19.216, 55.60 W, [N/A], 1777 MHz, 9001 MHz, 63, 99 %, 44 %, 6564 MiB, 8151 MiB
2026/08/30 12:53:19.720, 55.60 W, [N/A], 1815 MHz, 9001 MHz, 64, 99 %, 44 %, 6564 MiB, 8151 MiB
2026/08/30 12:53:20.223, 55.83 W, [N/A], 1777 MHz, 9001 MHz, 63, 99 %, 45 %, 6564 MiB, 8151 MiB
2026/08/30 12:53:20.727, 56.14 W, [N/A], 1807 MHz, 9001 MHz, 63, 99 %, 45 %, 6564 MiB, 8151 MiB
2026/08/30 12:53:21.230, 55.99 W, [N/A], 1800 MHz, 9001 MHz, 63, 99 %, 46 %, 6564 MiB, 8151 MiB
2026/08/30 12:53:21.733, 55.96 W, [N/A], 1807 MHz, 9001 MHz, 63, 99 %, 47 %, 6564 MiB, 8151 MiB
2026/08/30 12:53:22.237, 56.30 W, [N/A], 1800 MHz, 9001 MHz, 63, 99 %, 47 %, 6564 MiB, 8151 MiB
2026/08/30 12:53:22.740, 56.22 W, [N/A], 1815 MHz, 9001 MHz, 63, 99 %, 48 %, 6564 MiB, 8151 MiB
2026/08/30 12:53:23.243, 56.06 W, [N/A], 1807 MHz, 9001 MHz, 63, 99 %, 47 %, 6564 MiB, 8151 MiB
2026/08/30 12:53:23.757, 55.55 W, [N/A], 1815 MHz, 9001 MHz, 63, 90 %, 46 %, 6564 MiB, 8151 MiB
2026/08/30 12:53:24.260, 56.09 W, [N/A], 1815 MHz, 9001 MHz, 64, 99 %, 33 %, 6564 MiB, 8151 MiB
2026/08/30 12:53:24.763, 54.12 W, [N/A], 1897 MHz, 9001 MHz, 63, 99 %, 42 %, 6564 MiB, 8151 MiB
2026/08/30 12:53:25.267, 55.54 W, [N/A], 1785 MHz, 9001 MHz, 63, 99 %, 44 %, 6564 MiB, 8151 MiB
2026/08/30 12:53:25.770, 55.64 W, [N/A], 1815 MHz, 9001 MHz, 63, 99 %, 44 %, 6564 MiB, 8151 MiB
2026/08/30 12:53:26.273, 55.47 W, [N/A], 1830 MHz, 9001 MHz, 63, 99 %, 45 %, 6564 MiB, 8151 MiB
2026/08/30 12:53:26.777, 55.61 W, [N/A], 1815 MHz, 9001 MHz, 63, 99 %, 45 %, 6564 MiB, 8151 MiB
2026/08/30 12:53:27.280, 56.46 W, [N/A], 1807 MHz, 9001 MHz, 63, 99 %, 46 %, 6564 MiB, 8151 MiB
2026/08/30 12:53:27.783, 55.83 W, [N/A], 1815 MHz, 9001 MHz, 63, 99 %, 47 %, 6564 MiB, 8151 MiB
2026/08/30 12:53:28.286, 56.08 W, [N/A], 1815 MHz, 9001 MHz, 63, 99 %, 47 %, 6564 MiB, 8151 MiB
2026/08/30 12:53:28.790, 52.64 W, [N/A], 1815 MHz, 9001 MHz, 63, 99 %, 46 %, 6564 MiB, 8151 MiB
2026/08/30 12:53:29.294, 53.19 W, [N/A], 1785 MHz, 9001 MHz, 62, 99 %, 46 %, 6564 MiB, 8151 MiB
2026/08/30 12:53:29.799, 53.18 W, [N/A], 1770 MHz, 9001 MHz, 63, 88 %, 33 %, 6564 MiB, 8151 MiB
2026/08/30 12:53:30.302, 53.78 W, [N/A], 1905 MHz, 9001 MHz, 64, 99 %, 42 %, 6564 MiB, 8151 MiB
2026/08/30 12:53:30.807, 53.91 W, [N/A], 1800 MHz, 9001 MHz, 63, 99 %, 43 %, 6564 MiB, 8151 MiB
2026/08/30 12:53:31.311, 55.25 W, [N/A], 1800 MHz, 9001 MHz, 63, 99 %, 43 %, 6564 MiB, 8151 MiB
2026/08/30 12:53:31.814, 53.86 W, [N/A], 1807 MHz, 9001 MHz, 63, 99 %, 45 %, 6564 MiB, 8151 MiB
2026/08/30 12:53:32.317, 53.44 W, [N/A], 1785 MHz, 9001 MHz, 63, 99 %, 44 %, 6564 MiB, 8151 MiB
2026/08/30 12:53:32.821, 54.99 W, [N/A], 1762 MHz, 9001 MHz, 63, 99 %, 45 %, 6564 MiB, 8151 MiB
2026/08/30 12:53:33.325, 54.11 W, [N/A], 1770 MHz, 9001 MHz, 63, 99 %, 45 %, 6564 MiB, 8151 MiB
2026/08/30 12:53:33.829, 55.62 W, [N/A], 1777 MHz, 9001 MHz, 63, 99 %, 46 %, 6564 MiB, 8151 MiB
2026/08/30 12:53:34.333, 54.74 W, [N/A], 1785 MHz, 9001 MHz, 63, 99 %, 48 %, 6663 MiB, 8151 MiB
2026/08/30 12:53:34.837, 52.50 W, [N/A], 1837 MHz, 9001 MHz, 63, 99 %, 48 %, 6667 MiB, 8151 MiB
2026/08/30 12:53:35.340, 50.66 W, [N/A], 1777 MHz, 9001 MHz, 63, 99 %, 45 %, 6667 MiB, 8151 MiB
2026/08/30 12:53:35.843, 52.19 W, [N/A], 1770 MHz, 9001 MHz, 63, 99 %, 27 %, 6733 MiB, 8151 MiB
2026/08/30 12:53:36.356, 53.68 W, [N/A], 2070 MHz, 9001 MHz, 63, 99 %, 26 %, 6769 MiB, 8151 MiB
2026/08/30 12:53:36.860, 52.38 W, [N/A], 1942 MHz, 9001 MHz, 62, 99 %, 42 %, 6761 MiB, 8151 MiB
2026/08/30 12:53:37.364, 52.64 W, [N/A], 1725 MHz, 9001 MHz, 62, 99 %, 42 %, 6734 MiB, 8151 MiB
2026/08/30 12:53:37.869, 52.53 W, [N/A], 1747 MHz, 9001 MHz, 63, 99 %, 44 %, 6562 MiB, 8151 MiB
2026/08/30 12:53:38.372, 52.28 W, [N/A], 1822 MHz, 9001 MHz, 63, 99 %, 44 %, 6562 MiB, 8151 MiB
2026/08/30 12:53:38.875, 51.92 W, [N/A], 1732 MHz, 9001 MHz, 62, 99 %, 43 %, 6564 MiB, 8151 MiB
2026/08/30 12:53:39.378, 52.63 W, [N/A], 1762 MHz, 9001 MHz, 63, 99 %, 44 %, 6564 MiB, 8151 MiB
2026/08/30 12:53:39.882, 54.94 W, [N/A], 1747 MHz, 9001 MHz, 63, 99 %, 46 %, 6564 MiB, 8151 MiB
2026/08/30 12:53:40.385, 54.35 W, [N/A], 1755 MHz, 9001 MHz, 63, 99 %, 46 %, 6565 MiB, 8151 MiB
2026/08/30 12:53:40.888, 54.15 W, [N/A], 1800 MHz, 9001 MHz, 63, 99 %, 47 %, 6581 MiB, 8151 MiB
2026/08/30 12:53:41.392, 48.76 W, [N/A], 1777 MHz, 9001 MHz, 62, 99 %, 46 %, 6592 MiB, 8151 MiB
2026/08/30 12:53:41.898, 52.15 W, [N/A], 1867 MHz, 9001 MHz, 62, 99 %, 46 %, 6591 MiB, 8151 MiB
2026/08/30 12:53:42.402, 53.70 W, [N/A], 1732 MHz, 9001 MHz, 61, 99 %, 25 %, 6591 MiB, 8151 MiB
2026/08/30 12:53:42.905, 50.79 W, [N/A], 1882 MHz, 9001 MHz, 63, 99 %, 42 %, 6591 MiB, 8151 MiB
2026/08/30 12:53:43.409, 53.84 W, [N/A], 1770 MHz, 9001 MHz, 63, 99 %, 44 %, 6589 MiB, 8151 MiB
2026/08/30 12:53:43.913, 54.27 W, [N/A], 1800 MHz, 9001 MHz, 63, 99 %, 44 %, 6587 MiB, 8151 MiB
2026/08/30 12:53:44.416, 55.53 W, [N/A], 1785 MHz, 9001 MHz, 62, 99 %, 45 %, 6582 MiB, 8151 MiB
2026/08/30 12:53:44.920, 54.60 W, [N/A], 1800 MHz, 9001 MHz, 63, 99 %, 45 %, 6578 MiB, 8151 MiB
2026/08/30 12:53:45.423, 56.01 W, [N/A], 1807 MHz, 9001 MHz, 63, 99 %, 46 %, 6572 MiB, 8151 MiB
2026/08/30 12:53:45.928, 55.32 W, [N/A], 1815 MHz, 9001 MHz, 63, 99 %, 46 %, 6586 MiB, 8151 MiB
2026/08/30 12:53:46.432, 54.54 W, [N/A], 1800 MHz, 9001 MHz, 63, 99 %, 47 %, 6584 MiB, 8151 MiB
2026/08/30 12:53:46.935, 54.36 W, [N/A], 1830 MHz, 9001 MHz, 63, 99 %, 46 %, 6584 MiB, 8151 MiB
2026/08/30 12:53:47.438, 53.92 W, [N/A], 1792 MHz, 9001 MHz, 63, 99 %, 47 %, 6581 MiB, 8151 MiB
2026/08/30 12:53:47.942, 52.97 W, [N/A], 1792 MHz, 9001 MHz, 63, 99 %, 47 %, 6581 MiB, 8151 MiB
2026/08/30 12:53:48.451, 11.53 W, [N/A], 1792 MHz, 9001 MHz, 59, 0 %, 2 %, 5023 MiB, 8151 MiB
2026/08/30 12:53:48.957, 11.27 W, [N/A], 180 MHz, 9001 MHz, 57, 0 %, 2 %, 4507 MiB, 8151 MiB
2026/08/30 12:53:49.459, 10.30 W, [N/A], 202 MHz, 9001 MHz, 57, 0 %, 2 %, 4503 MiB, 8151 MiB
2026/08/30 12:53:49.962, 10.34 W, [N/A], 180 MHz, 9001 MHz, 56, 0 %, 2 %, 4503 MiB, 8151 MiB
2026/08/30 12:53:50.464, 10.79 W, [N/A], 247 MHz, 9001 MHz, 56, 0 %, 2 %, 4506 MiB, 8151 MiB
2026/08/30 12:53:50.967, 10.73 W, [N/A], 360 MHz, 9001 MHz, 56, 1 %, 1 %, 826 MiB, 8151 MiB
2026/08/30 12:53:51.470, 10.66 W, [N/A], 202 MHz, 9001 MHz, 56, 0 %, 2 %, 825 MiB, 8151 MiB
2026/08/30 12:53:51.973, 11.11 W, [N/A], 442 MHz, 9001 MHz, 56, 1 %, 2 %, 820 MiB, 8151 MiB
2026/08/30 12:53:52.476, 11.28 W, [N/A], 615 MHz, 9001 MHz, 56, 1 %, 2 %, 816 MiB, 8151 MiB
2026/08/30 12:53:52.979, 10.90 W, [N/A], 285 MHz, 9001 MHz, 56, 1 %, 2 %, 809 MiB, 8151 MiB
2026/08/30 12:53:53.481, 10.71 W, [N/A], 427 MHz, 9001 MHz, 56, 0 %, 2 %, 804 MiB, 8151 MiB
2026/08/30 12:53:53.985, 10.87 W, [N/A], 240 MHz, 9001 MHz, 56, 3 %, 2 %, 803 MiB, 8151 MiB
2026/08/30 12:53:54.487, 10.89 W, [N/A], 637 MHz, 9001 MHz, 56, 0 %, 2 %, 802 MiB, 8151 MiB
2026/08/30 12:53:54.989, 10.37 W, [N/A], 202 MHz, 9001 MHz, 56, 0 %, 2 %, 796 MiB, 8151 MiB
2026/08/30 12:53:55.493, 10.32 W, [N/A], 307 MHz, 9001 MHz, 56, 0 %, 2 %, 796 MiB, 8151 MiB
2026/08/30 12:53:55.995, 10.21 W, [N/A], 217 MHz, 9001 MHz, 56, 0 %, 2 %, 794 MiB, 8151 MiB
2026/08/30 12:53:56.498, 10.20 W, [N/A], 180 MHz, 9001 MHz, 56, 0 %, 2 %, 790 MiB, 8151 MiB
2026/08/30 12:53:57.001, 10.20 W, [N/A], 180 MHz, 9001 MHz, 55, 0 %, 2 %, 792 MiB, 8151 MiB
2026/08/30 12:53:57.508, 10.11 W, [N/A], 195 MHz, 9001 MHz, 55, 0 %, 2 %, 792 MiB, 8151 MiB
2026/08/30 12:53:58.010, 10.26 W, [N/A], 202 MHz, 9001 MHz, 55, 0 %, 2 %, 792 MiB, 8151 MiB
2026/08/30 12:53:58.514, 10.04 W, [N/A], 180 MHz, 9001 MHz, 55, 0 %, 2 %, 792 MiB, 8151 MiB
2026/08/30 12:53:59.022, 10.19 W, [N/A], 180 MHz, 9001 MHz, 55, 0 %, 2 %, 792 MiB, 8151 MiB
2026/08/30 12:53:59.526, 11.09 W, [N/A], 292 MHz, 9001 MHz, 55, 0 %, 2 %, 792 MiB, 8151 MiB
2026/08/30 12:54:00.036, 10.34 W, [N/A], 232 MHz, 9001 MHz, 55, 0 %, 2 %, 792 MiB, 8151 MiB
2026/08/30 12:54:00.539, 10.28 W, [N/A], 180 MHz, 9001 MHz, 55, 1 %, 2 %, 820 MiB, 8151 MiB
2026/08/30 12:54:01.040, 13.19 W, [N/A], 1342 MHz, 9001 MHz, 56, 8 %, 2 %, 822 MiB, 8151 MiB
2026/08/30 12:54:01.543, 15.65 W, [N/A], 1222 MHz, 9001 MHz, 56, 7 %, 2 %, 819 MiB, 8151 MiB
2026/08/30 12:54:02.045, 14.87 W, [N/A], 1162 MHz, 810 MHz, 56, 6 %, 12 %, 819 MiB, 8151 MiB
2026/08/30 12:54:02.556, 14.74 W, [N/A], 1215 MHz, 810 MHz, 55, 12 %, 13 %, 817 MiB, 8151 MiB
